val_accuracy,val_f1score,nsamples,arch,seed,fold,epochs,srccategory,srcfile
0.9402985074626866,0.940405781603078,670,resnext50,42,0,80,best,best_metrics.csv
0.9343283582089552,0.9341973248052656,670,resnext50,42,1,80,best,best_metrics.csv
0.928358208955224,0.9277849224667272,670,resnext50,42,2,80,best,best_metrics.csv
0.9492537313432836,0.9491839750791924,670,resnext50,42,3,80,best,best_metrics.csv
0.9104477611940298,0.9103681616644106,670,resnext50,42,4,80,best,best_metrics.csv
0.9432835820895522,0.94295952539221,670,resnext50,42,5,80,best,best_metrics.csv
0.9492537313432836,0.9487637244089596,670,resnext50,42,6,80,best,best_metrics.csv
0.9567164179104478,0.9566762538151083,670,resnext50,42,7,80,best,best_metrics.csv
0.9567164179104478,0.9566134603074258,670,resnext50,42,8,80,best,best_metrics.csv
0.9373134328358208,0.9374168525005904,670,resnext50,42,9,80,best,best_metrics.csv
0.9402985074626866,0.9402211525058966,670,resnext50,42,10,80,best,best_metrics.csv
0.9328358208955224,0.9324105026533598,670,resnext50,42,11,80,best,best_metrics.csv
0.9343283582089552,0.9346430951566416,670,resnext50,42,12,80,best,best_metrics.csv
0.9388059701492536,0.9389738825644972,670,resnext50,42,13,80,best,best_metrics.csv
0.9252615844544096,0.925239739298878,669,resnext50,42,14,80,best,best_metrics.csv
0.937219730941704,0.9367488857053056,669,resnext50,42,15,80,best,best_metrics.csv
0.9446935724962632,0.94440220761464,669,resnext50,42,16,80,best,best_metrics.csv
0.9626307922272048,0.9626180747426152,669,resnext50,42,17,80,best,best_metrics.csv
0.9491778774289984,0.9493491779224436,669,resnext50,42,18,80,best,best_metrics.csv
0.938714499252616,0.9383837121494406,669,resnext50,42,19,80,best,best_metrics.csv
0.9164179104477612,0.9161977513947897,670,resnet50,42,0,80,best,best_metrics.csv
0.8955223880597015,0.8953263655128121,670,resnet50,42,1,80,best,best_metrics.csv
0.9029850746268656,0.9026888068613556,670,resnet50,42,2,80,best,best_metrics.csv
0.9119402985074628,0.9131557689517724,670,resnet50,42,3,80,best,best_metrics.csv
0.8820895522388059,0.8816566381623248,670,resnet50,42,4,80,best,best_metrics.csv
0.9074626865671642,0.9072095948461382,670,resnet50,42,5,80,best,best_metrics.csv
0.908955223880597,0.9084399393380154,670,resnet50,42,6,80,best,best_metrics.csv
0.9134328358208956,0.9133284023704528,670,resnet50,42,7,80,best,best_metrics.csv
0.928358208955224,0.928471764878224,670,resnet50,42,8,80,best,best_metrics.csv
0.908955223880597,0.9098533742731578,670,resnet50,42,9,80,best,best_metrics.csv
0.9029850746268656,0.90236784365347,670,resnet50,42,10,80,best,best_metrics.csv
0.917910447761194,0.9177029705719209,670,resnet50,42,11,80,best,best_metrics.csv
0.8985074626865671,0.8979916809425089,670,resnet50,42,12,80,best,best_metrics.csv
0.9,0.9001948405726007,670,resnet50,42,13,80,best,best_metrics.csv
0.9118086696562032,0.911616018771551,669,resnet50,42,14,80,best,best_metrics.csv
0.8953662182361734,0.89526920321907,669,resnet50,42,15,80,best,best_metrics.csv
0.9133034379671152,0.9131567527592002,669,resnet50,42,16,80,best,best_metrics.csv
0.9177877428998504,0.9183386944403208,669,resnet50,42,17,80,best,best_metrics.csv
0.922272047832586,0.9226383440268832,669,resnet50,42,18,80,best,best_metrics.csv
0.907324364723468,0.9063088730794652,669,resnet50,42,19,80,best,best_metrics.csv
0.7582089552238805,0.75752730939026,670,vit_small,42,0,80,best,best_metrics.csv
0.753731343283582,0.7530025307219239,670,vit_small,42,1,80,best,best_metrics.csv
0.735820895522388,0.728592922991819,670,vit_small,42,2,80,best,best_metrics.csv
0.744776119402985,0.7443368381667825,670,vit_small,42,3,80,best,best_metrics.csv
0.6985074626865672,0.696695986610941,670,vit_small,42,4,80,best,best_metrics.csv
0.7417910447761195,0.7412669705575751,670,vit_small,42,5,80,best,best_metrics.csv
0.7432835820895523,0.7385578882098063,670,vit_small,42,6,80,best,best_metrics.csv
0.7283582089552239,0.726745954453681,670,vit_small,42,7,80,best,best_metrics.csv
0.7716417910447761,0.7693948746163055,670,vit_small,42,8,80,best,best_metrics.csv
0.7492537313432835,0.7502464824438204,670,vit_small,42,9,80,best,best_metrics.csv
0.746268656716418,0.7465062383294985,670,vit_small,42,10,80,best,best_metrics.csv
0.755223880597015,0.7544006999088116,670,vit_small,42,11,80,best,best_metrics.csv
0.7298507462686568,0.7280464832298863,670,vit_small,42,12,80,best,best_metrics.csv
0.7402985074626866,0.7407213040187469,670,vit_small,42,13,80,best,best_metrics.csv
0.7384155455904334,0.7374185498406046,669,vit_small,42,14,80,best,best_metrics.csv
0.7399103139013453,0.7412812961227867,669,vit_small,42,15,80,best,best_metrics.csv
0.7428998505231689,0.7415923269898371,669,vit_small,42,16,80,best,best_metrics.csv
0.7428998505231689,0.7420288979568094,669,vit_small,42,17,80,best,best_metrics.csv
0.7772795216741405,0.7767767775423947,669,vit_small,42,18,80,best,best_metrics.csv
0.7563527653213752,0.7568332854578084,669,vit_small,42,19,80,best,best_metrics.csv
0.946268656716418,0.946515024094372,670,resnext50,1328,0,80,best,best_metrics.csv
0.9298507462686568,0.929704903666506,670,resnext50,1328,1,80,best,best_metrics.csv
0.9313432835820896,0.930172289157878,670,resnext50,1328,2,80,best,best_metrics.csv
0.9432835820895522,0.9435390823677052,670,resnext50,1328,3,80,best,best_metrics.csv
0.9134328358208956,0.9126581783237436,670,resnext50,1328,4,80,best,best_metrics.csv
0.9373134328358208,0.9369797628544466,670,resnext50,1328,5,80,best,best_metrics.csv
0.9477611940298508,0.9469942222559612,670,resnext50,1328,6,80,best,best_metrics.csv
0.9567164179104478,0.95663625031332,670,resnext50,1328,7,80,best,best_metrics.csv
0.9582089552238806,0.9582516982459084,670,resnext50,1328,8,80,best,best_metrics.csv
0.9447761194029852,0.9448218076428324,670,resnext50,1328,9,80,best,best_metrics.csv
0.9477611940298508,0.9479692407605952,670,resnext50,1328,10,80,best,best_metrics.csv
0.946268656716418,0.9462627542690012,670,resnext50,1328,11,80,best,best_metrics.csv
0.9402985074626866,0.9404971111957944,670,resnext50,1328,12,80,best,best_metrics.csv
0.9447761194029852,0.944841969662908,670,resnext50,1328,13,80,best,best_metrics.csv
0.9342301943198804,0.9342029569490314,669,resnext50,1328,14,80,best,best_metrics.csv
0.9327354260089686,0.9325537030850252,669,resnext50,1328,15,80,best,best_metrics.csv
0.9476831091180868,0.94750274684197,669,resnext50,1328,16,80,best,best_metrics.csv
0.9581464872944694,0.9581203092166976,669,resnext50,1328,17,80,best,best_metrics.csv
0.9566517189835576,0.9568644777772324,669,resnext50,1328,18,80,best,best_metrics.csv
0.9446935724962632,0.9443678199611132,669,resnext50,1328,19,80,best,best_metrics.csv
0.9447761194029852,0.9453134721025404,670,resnext50,1329,0,80,best,best_metrics.csv
0.928358208955224,0.9283017965070506,670,resnext50,1329,1,80,best,best_metrics.csv
0.928358208955224,0.9283068959424372,670,resnext50,1329,2,80,best,best_metrics.csv
0.9373134328358208,0.9376190201100424,670,resnext50,1329,3,80,best,best_metrics.csv
0.9208955223880596,0.9203226337587008,670,resnext50,1329,4,80,best,best_metrics.csv
0.9417910447761194,0.941725394548406,670,resnext50,1329,5,80,best,best_metrics.csv
0.9507462686567164,0.9502460903080276,670,resnext50,1329,6,80,best,best_metrics.csv
0.9522388059701492,0.9518344275303438,670,resnext50,1329,7,80,best,best_metrics.csv
0.9611940298507464,0.9612562434197972,670,resnext50,1329,8,80,best,best_metrics.csv
0.9432835820895522,0.94331636260889,670,resnext50,1329,9,80,best,best_metrics.csv
0.9388059701492536,0.9385300344150536,670,resnext50,1329,10,80,best,best_metrics.csv
0.9507462686567164,0.9507826403561755,670,resnext50,1329,11,80,best,best_metrics.csv
0.9432835820895522,0.9436975328381656,670,resnext50,1329,12,80,best,best_metrics.csv
0.9417910447761194,0.9413451586618664,670,resnext50,1329,13,80,best,best_metrics.csv
0.9252615844544096,0.9250450053054634,669,resnext50,1329,14,80,best,best_metrics.csv
0.929745889387145,0.9296144061542652,669,resnext50,1329,15,80,best,best_metrics.csv
0.953662182361734,0.9536584679732916,669,resnext50,1329,16,80,best,best_metrics.csv
0.9551569506726456,0.9552685004786832,669,resnext50,1329,17,80,best,best_metrics.csv
0.9476831091180868,0.94787355179743,669,resnext50,1329,18,80,best,best_metrics.csv
0.9357249626307922,0.9353754373766026,669,resnext50,1329,19,80,best,best_metrics.csv
0.9447761194029852,0.944691562986255,670,resnext50,1330,0,80,best,best_metrics.csv
0.9328358208955224,0.9329181444234218,670,resnext50,1330,1,80,best,best_metrics.csv
0.9388059701492536,0.9381948869068568,670,resnext50,1330,2,80,best,best_metrics.csv
0.9432835820895522,0.9434456036583668,670,resnext50,1330,3,80,best,best_metrics.csv
0.9223880597014924,0.922253522926782,670,resnext50,1330,4,80,best,best_metrics.csv
0.9432835820895522,0.9428465066244884,670,resnext50,1330,5,80,best,best_metrics.csv
0.9492537313432836,0.9493111848943964,670,resnext50,1330,6,80,best,best_metrics.csv
0.9582089552238806,0.9583247138168164,670,resnext50,1330,7,80,best,best_metrics.csv
0.9597014925373134,0.9598137057903208,670,resnext50,1330,8,80,best,best_metrics.csv
0.9492537313432836,0.9490986410488008,670,resnext50,1330,9,80,best,best_metrics.csv
0.9402985074626866,0.9402398740666932,670,resnext50,1330,10,80,best,best_metrics.csv
0.9522388059701492,0.9524152658863362,670,resnext50,1330,11,80,best,best_metrics.csv
0.9507462686567164,0.9504637446618934,670,resnext50,1330,12,80,best,best_metrics.csv
0.9417910447761194,0.941497513851824,670,resnext50,1330,13,80,best,best_metrics.csv
0.9357249626307922,0.9356306730502708,669,resnext50,1330,14,80,best,best_metrics.csv
0.9312406576980568,0.9311691967659812,669,resnext50,1330,15,80,best,best_metrics.csv
0.953662182361734,0.953347886715528,669,resnext50,1330,16,80,best,best_metrics.csv
0.9581464872944694,0.9581588214562676,669,resnext50,1330,17,80,best,best_metrics.csv
0.9476831091180868,0.9477533291257833,669,resnext50,1330,18,80,best,best_metrics.csv
0.9402092675635276,0.9399235618678452,669,resnext50,1330,19,80,best,best_metrics.csv
0.9373134328358208,0.9377457944924842,670,resnext50,1331,0,80,best,best_metrics.csv
0.9373134328358208,0.9371302130066428,670,resnext50,1331,1,80,best,best_metrics.csv
0.9223880597014924,0.9211051698632888,670,resnext50,1331,2,80,best,best_metrics.csv
0.946268656716418,0.9462668357725702,670,resnext50,1331,3,80,best,best_metrics.csv
0.9149253731343284,0.9143716259028368,670,resnext50,1331,4,80,best,best_metrics.csv
0.9388059701492536,0.9385681030209596,670,resnext50,1331,5,80,best,best_metrics.csv
0.9492537313432836,0.9488038257365776,670,resnext50,1331,6,80,best,best_metrics.csv
0.9522388059701492,0.9524228771476704,670,resnext50,1331,7,80,best,best_metrics.csv
0.9582089552238806,0.9584327404758696,670,resnext50,1331,8,80,best,best_metrics.csv
0.9492537313432836,0.9489330656472988,670,resnext50,1331,9,80,best,best_metrics.csv
0.9432835820895522,0.943388604769357,670,resnext50,1331,10,80,best,best_metrics.csv
0.9432835820895522,0.9433906144762952,670,resnext50,1331,11,80,best,best_metrics.csv
0.9402985074626866,0.9399897816145208,670,resnext50,1331,12,80,best,best_metrics.csv
0.9432835820895522,0.9433758296436682,670,resnext50,1331,13,80,best,best_metrics.csv
0.9402092675635276,0.9400221619054012,669,resnext50,1331,14,80,best,best_metrics.csv
0.9446935724962632,0.9444792182243592,669,resnext50,1331,15,80,best,best_metrics.csv
0.9551569506726456,0.9551315061358652,669,resnext50,1331,16,80,best,best_metrics.csv
0.9566517189835576,0.9568079740140778,669,resnext50,1331,17,80,best,best_metrics.csv
0.9551569506726456,0.9552998921739192,669,resnext50,1331,18,80,best,best_metrics.csv
0.9402092675635276,0.939699355302041,669,resnext50,1331,19,80,best,best_metrics.csv
0.9417910447761194,0.942144392950623,670,resnext50,1332,0,80,best,best_metrics.csv
0.9328358208955224,0.932787239268686,670,resnext50,1332,1,80,best,best_metrics.csv
0.9373134328358208,0.9370549157905512,670,resnext50,1332,2,80,best,best_metrics.csv
0.953731343283582,0.9536161448065344,670,resnext50,1332,3,80,best,best_metrics.csv
0.9223880597014924,0.9222098154365428,670,resnext50,1332,4,80,best,best_metrics.csv
0.9447761194029852,0.9445010018881966,670,resnext50,1332,5,80,best,best_metrics.csv
0.9492537313432836,0.9489881665239114,670,resnext50,1332,6,80,best,best_metrics.csv
0.9492537313432836,0.9494666041874776,670,resnext50,1332,7,80,best,best_metrics.csv
0.9582089552238806,0.9581828095683916,670,resnext50,1332,8,80,best,best_metrics.csv
0.9492537313432836,0.9494456077757883,670,resnext50,1332,9,80,best,best_metrics.csv
0.9492537313432836,0.9489989223734396,670,resnext50,1332,10,80,best,best_metrics.csv
0.9402985074626866,0.9406281672104576,670,resnext50,1332,11,80,best,best_metrics.csv
0.9432835820895522,0.9430292520314716,670,resnext50,1332,12,80,best,best_metrics.csv
0.9402985074626866,0.9405925808424124,670,resnext50,1332,13,80,best,best_metrics.csv
0.9282511210762332,0.9281563918716912,669,resnext50,1332,14,80,best,best_metrics.csv
0.9357249626307922,0.9355814576929504,669,resnext50,1332,15,80,best,best_metrics.csv
0.9476831091180868,0.9477444427319354,669,resnext50,1332,16,80,best,best_metrics.csv
0.9626307922272048,0.9626263736089206,669,resnext50,1332,17,80,best,best_metrics.csv
0.9491778774289984,0.9494361403515312,669,resnext50,1332,18,80,best,best_metrics.csv
0.9461883408071748,0.9459027952234634,669,resnext50,1332,19,80,best,best_metrics.csv
0.9014925373134328,0.9018664033230134,670,resnet50,1328,0,80,best,best_metrics.csv
0.8925373134328358,0.892782308504465,670,resnet50,1328,1,80,best,best_metrics.csv
0.9044776119402984,0.9038538790992072,670,resnet50,1328,2,80,best,best_metrics.csv
0.9029850746268656,0.9021771701877684,670,resnet50,1328,3,80,best,best_metrics.csv
0.8671641791044776,0.8657500035520721,670,resnet50,1328,4,80,best,best_metrics.csv
0.9149253731343284,0.9142876347026788,670,resnet50,1328,5,80,best,best_metrics.csv
0.908955223880597,0.9079161484964238,670,resnet50,1328,6,80,best,best_metrics.csv
0.8940298507462686,0.894110392690923,670,resnet50,1328,7,80,best,best_metrics.csv
0.9253731343283582,0.92537593168681,670,resnet50,1328,8,80,best,best_metrics.csv
0.9119402985074628,0.9119482972383408,670,resnet50,1328,9,80,best,best_metrics.csv
0.9059701492537312,0.9059874474655696,670,resnet50,1328,10,80,best,best_metrics.csv
0.908955223880597,0.9085862512731352,670,resnet50,1328,11,80,best,best_metrics.csv
0.8985074626865671,0.8985516175409143,670,resnet50,1328,12,80,best,best_metrics.csv
0.9014925373134328,0.9017073052164352,670,resnet50,1328,13,80,best,best_metrics.csv
0.907324364723468,0.9074991038702388,669,resnet50,1328,14,80,best,best_metrics.csv
0.8923766816143498,0.8927777017601078,669,resnet50,1328,15,80,best,best_metrics.csv
0.9133034379671152,0.9128728960683477,669,resnet50,1328,16,80,best,best_metrics.csv
0.9177877428998504,0.9179803654132872,669,resnet50,1328,17,80,best,best_metrics.csv
0.922272047832586,0.9224814837244024,669,resnet50,1328,18,80,best,best_metrics.csv
0.9103139013452914,0.9096516218607096,669,resnet50,1328,19,80,best,best_metrics.csv
0.9104477611940298,0.9103576972567916,670,resnet50,1329,0,80,best,best_metrics.csv
0.8940298507462686,0.8935587108956482,670,resnet50,1329,1,80,best,best_metrics.csv
0.9059701492537312,0.9048746601363978,670,resnet50,1329,2,80,best,best_metrics.csv
0.9044776119402984,0.9045315457888096,670,resnet50,1329,3,80,best,best_metrics.csv
0.8761194029850746,0.8746185416023164,670,resnet50,1329,4,80,best,best_metrics.csv
0.9104477611940298,0.9099509961232342,670,resnet50,1329,5,80,best,best_metrics.csv
0.9059701492537312,0.905449136711795,670,resnet50,1329,6,80,best,best_metrics.csv
0.908955223880597,0.9091962632607448,670,resnet50,1329,7,80,best,best_metrics.csv
0.9253731343283582,0.9252349839601672,670,resnet50,1329,8,80,best,best_metrics.csv
0.9119402985074628,0.9119466638894608,670,resnet50,1329,9,80,best,best_metrics.csv
0.908955223880597,0.908833229567724,670,resnet50,1329,10,80,best,best_metrics.csv
0.917910447761194,0.9180687441171622,670,resnet50,1329,11,80,best,best_metrics.csv
0.8940298507462686,0.8935207846188327,670,resnet50,1329,12,80,best,best_metrics.csv
0.9074626865671642,0.9076013937622384,670,resnet50,1329,13,80,best,best_metrics.csv
0.9103139013452914,0.9105399504488552,669,resnet50,1329,14,80,best,best_metrics.csv
0.8998505231689088,0.8996007665434202,669,resnet50,1329,15,80,best,best_metrics.csv
0.905829596412556,0.9057071052049106,669,resnet50,1329,16,80,best,best_metrics.csv
0.9162929745889388,0.9166457968294848,669,resnet50,1329,17,80,best,best_metrics.csv
0.922272047832586,0.9221673511187116,669,resnet50,1329,18,80,best,best_metrics.csv
0.905829596412556,0.905467017576476,669,resnet50,1329,19,80,best,best_metrics.csv
0.9059701492537312,0.9072747159236628,670,resnet50,1330,0,80,best,best_metrics.csv
0.8805970149253731,0.8804086109257276,670,resnet50,1330,1,80,best,best_metrics.csv
0.9,0.8992604653958324,670,resnet50,1330,2,80,best,best_metrics.csv
0.9104477611940298,0.9106461449148888,670,resnet50,1330,3,80,best,best_metrics.csv
0.8641791044776119,0.8636167982749531,670,resnet50,1330,4,80,best,best_metrics.csv
0.908955223880597,0.9082242886077512,670,resnet50,1330,5,80,best,best_metrics.csv
0.9119402985074628,0.911808153820544,670,resnet50,1330,6,80,best,best_metrics.csv
0.9119402985074628,0.9117171958405116,670,resnet50,1330,7,80,best,best_metrics.csv
0.9298507462686568,0.9299987430598848,670,resnet50,1330,8,80,best,best_metrics.csv
0.9059701492537312,0.9061729358016744,670,resnet50,1330,9,80,best,best_metrics.csv
0.9,0.8996652151354376,670,resnet50,1330,10,80,best,best_metrics.csv
0.9149253731343284,0.9146785888411988,670,resnet50,1330,11,80,best,best_metrics.csv
0.8925373134328358,0.8925153523381594,670,resnet50,1330,12,80,best,best_metrics.csv
0.9,0.8997812173170616,670,resnet50,1330,13,80,best,best_metrics.csv
0.9028400597907325,0.9029095019762752,669,resnet50,1330,14,80,best,best_metrics.csv
0.898355754857997,0.8982773327528929,669,resnet50,1330,15,80,best,best_metrics.csv
0.9133034379671152,0.9131009922026032,669,resnet50,1330,16,80,best,best_metrics.csv
0.9252615844544096,0.9252724076687624,669,resnet50,1330,17,80,best,best_metrics.csv
0.9237668161434978,0.9239639447372996,669,resnet50,1330,18,80,best,best_metrics.csv
0.9043348281016442,0.9038640877682008,669,resnet50,1330,19,80,best,best_metrics.csv
0.9059701492537312,0.9062597502128404,670,resnet50,1331,0,80,best,best_metrics.csv
0.8850746268656716,0.8849920030340138,670,resnet50,1331,1,80,best,best_metrics.csv
0.8970149253731343,0.8966408905689894,670,resnet50,1331,2,80,best,best_metrics.csv
0.9119402985074628,0.9121118292210352,670,resnet50,1331,3,80,best,best_metrics.csv
0.8761194029850746,0.8745005410948928,670,resnet50,1331,4,80,best,best_metrics.csv
0.9059701492537312,0.9046337931322228,670,resnet50,1331,5,80,best,best_metrics.csv
0.9104477611940298,0.9097889547199276,670,resnet50,1331,6,80,best,best_metrics.csv
0.9059701492537312,0.9057246249824046,670,resnet50,1331,7,80,best,best_metrics.csv
0.935820895522388,0.9355524765849846,670,resnet50,1331,8,80,best,best_metrics.csv
0.9029850746268656,0.9034718039564342,670,resnet50,1331,9,80,best,best_metrics.csv
0.9,0.8998231568137272,670,resnet50,1331,10,80,best,best_metrics.csv
0.917910447761194,0.9185809480764312,670,resnet50,1331,11,80,best,best_metrics.csv
0.891044776119403,0.8906021348912624,670,resnet50,1331,12,80,best,best_metrics.csv
0.9059701492537312,0.906268841682346,670,resnet50,1331,13,80,best,best_metrics.csv
0.907324364723468,0.9076696841638452,669,resnet50,1331,14,80,best,best_metrics.csv
0.8878923766816144,0.8878423341892913,669,resnet50,1331,15,80,best,best_metrics.csv
0.9103139013452914,0.9100367894219208,669,resnet50,1331,16,80,best,best_metrics.csv
0.9162929745889388,0.9165555631303892,669,resnet50,1331,17,80,best,best_metrics.csv
0.9177877428998504,0.9182917615478744,669,resnet50,1331,18,80,best,best_metrics.csv
0.9118086696562032,0.9115694381050888,669,resnet50,1331,19,80,best,best_metrics.csv
0.9074626865671642,0.9072298820465206,670,resnet50,1332,0,80,best,best_metrics.csv
0.8835820895522388,0.8845198938644055,670,resnet50,1332,1,80,best,best_metrics.csv
0.9029850746268656,0.9027799566097622,670,resnet50,1332,2,80,best,best_metrics.csv
0.9119402985074628,0.9122119045564624,670,resnet50,1332,3,80,best,best_metrics.csv
0.8686567164179104,0.8668085648888165,670,resnet50,1332,4,80,best,best_metrics.csv
0.9104477611940298,0.910221720217861,670,resnet50,1332,5,80,best,best_metrics.csv
0.9119402985074628,0.9119989300378044,670,resnet50,1332,6,80,best,best_metrics.csv
0.917910447761194,0.917833765526547,670,resnet50,1332,7,80,best,best_metrics.csv
0.926865671641791,0.926691549344016,670,resnet50,1332,8,80,best,best_metrics.csv
0.9029850746268656,0.9037437225385816,670,resnet50,1332,9,80,best,best_metrics.csv
0.9074626865671642,0.907156337325656,670,resnet50,1332,10,80,best,best_metrics.csv
0.9134328358208956,0.913272842761933,670,resnet50,1332,11,80,best,best_metrics.csv
0.8970149253731343,0.8963165041470998,670,resnet50,1332,12,80,best,best_metrics.csv
0.9044776119402984,0.904808929205702,670,resnet50,1332,13,80,best,best_metrics.csv
0.9088191330343796,0.908913070091656,669,resnet50,1332,14,80,best,best_metrics.csv
0.8968609865470852,0.8972151050990945,669,resnet50,1332,15,80,best,best_metrics.csv
0.9133034379671152,0.9127298551929638,669,resnet50,1332,16,80,best,best_metrics.csv
0.9103139013452914,0.9107256198336812,669,resnet50,1332,17,80,best,best_metrics.csv
0.9252615844544096,0.9257946074174024,669,resnet50,1332,18,80,best,best_metrics.csv
0.9133034379671152,0.9127804903322844,669,resnet50,1332,19,80,best,best_metrics.csv
0.7791044776119403,0.7780042188175761,670,vit_small,1328,0,80,best,best_metrics.csv
0.7253731343283583,0.7269247539446235,670,vit_small,1328,1,80,best,best_metrics.csv
0.7283582089552239,0.7261008162452013,670,vit_small,1328,2,80,best,best_metrics.csv
0.7417910447761195,0.7409409246665029,670,vit_small,1328,3,80,best,best_metrics.csv
0.6850746268656717,0.6825277301526826,670,vit_small,1328,4,80,best,best_metrics.csv
0.7492537313432835,0.7473814200362126,670,vit_small,1328,5,80,best,best_metrics.csv
0.7388059701492538,0.737833588140711,670,vit_small,1328,6,80,best,best_metrics.csv
0.735820895522388,0.7358234345911505,670,vit_small,1328,7,80,best,best_metrics.csv
0.7776119402985074,0.775907261468401,670,vit_small,1328,8,80,best,best_metrics.csv
0.7522388059701492,0.7535077968854775,670,vit_small,1328,9,80,best,best_metrics.csv
0.7417910447761195,0.7406569556702439,670,vit_small,1328,10,80,best,best_metrics.csv
0.7283582089552239,0.72774369424669,670,vit_small,1328,11,80,best,best_metrics.csv
0.7328358208955223,0.7297498946865602,670,vit_small,1328,12,80,best,best_metrics.csv
0.7283582089552239,0.7284049868337308,670,vit_small,1328,13,80,best,best_metrics.csv
0.7428998505231689,0.7423679425298602,669,vit_small,1328,14,80,best,best_metrics.csv
0.7757847533632287,0.7764761301699618,669,vit_small,1328,15,80,best,best_metrics.csv
0.7518684603886397,0.7505331241503017,669,vit_small,1328,16,80,best,best_metrics.csv
0.7563527653213752,0.7551535110289689,669,vit_small,1328,17,80,best,best_metrics.csv
0.7713004484304933,0.7710468696535892,669,vit_small,1328,18,80,best,best_metrics.csv
0.7518684603886397,0.7525947224116347,669,vit_small,1328,19,80,best,best_metrics.csv
0.7686567164179104,0.7680989072573445,670,vit_small,1329,0,80,best,best_metrics.csv
0.7373134328358208,0.7370650539864239,670,vit_small,1329,1,80,best,best_metrics.csv
0.7164179104477612,0.7126342966874062,670,vit_small,1329,2,80,best,best_metrics.csv
0.7388059701492538,0.7364507692083301,670,vit_small,1329,3,80,best,best_metrics.csv
0.7134328358208956,0.7122859846323001,670,vit_small,1329,4,80,best,best_metrics.csv
0.7417910447761195,0.7403968899921879,670,vit_small,1329,5,80,best,best_metrics.csv
0.7328358208955223,0.729047570311821,670,vit_small,1329,6,80,best,best_metrics.csv
0.7343283582089553,0.7365293149679104,670,vit_small,1329,7,80,best,best_metrics.csv
0.7940298507462686,0.7931762558921989,670,vit_small,1329,8,80,best,best_metrics.csv
0.7432835820895523,0.7443332249011015,670,vit_small,1329,9,80,best,best_metrics.csv
0.7283582089552239,0.7277862795013458,670,vit_small,1329,10,80,best,best_metrics.csv
0.7343283582089553,0.732652603414511,670,vit_small,1329,11,80,best,best_metrics.csv
0.7164179104477612,0.7126761761458346,670,vit_small,1329,12,80,best,best_metrics.csv
0.7373134328358208,0.7381747178881093,670,vit_small,1329,13,80,best,best_metrics.csv
0.7354260089686099,0.7345640671569242,669,vit_small,1329,14,80,best,best_metrics.csv
0.7518684603886397,0.7533723650482765,669,vit_small,1329,15,80,best,best_metrics.csv
0.7354260089686099,0.7345513055068776,669,vit_small,1329,16,80,best,best_metrics.csv
0.7548579970104634,0.7545728349931836,669,vit_small,1329,17,80,best,best_metrics.csv
0.7802690582959642,0.7794798514661739,669,vit_small,1329,18,80,best,best_metrics.csv
0.7608370702541106,0.7614346919951084,669,vit_small,1329,19,80,best,best_metrics.csv
0.7522388059701492,0.7517610694413892,670,vit_small,1330,0,80,best,best_metrics.csv
0.735820895522388,0.7367622191282678,670,vit_small,1330,1,80,best,best_metrics.csv
0.7402985074626866,0.7372160489294833,670,vit_small,1330,2,80,best,best_metrics.csv
0.755223880597015,0.7543876404666248,670,vit_small,1330,3,80,best,best_metrics.csv
0.6791044776119403,0.6766728954923031,670,vit_small,1330,4,80,best,best_metrics.csv
0.746268656716418,0.7433451757531394,670,vit_small,1330,5,80,best,best_metrics.csv
0.7582089552238805,0.7565464969270462,670,vit_small,1330,6,80,best,best_metrics.csv
0.7522388059701492,0.7500595778271095,670,vit_small,1330,7,80,best,best_metrics.csv
0.7820895522388059,0.7801160208749899,670,vit_small,1330,8,80,best,best_metrics.csv
0.753731343283582,0.7538647450141309,670,vit_small,1330,9,80,best,best_metrics.csv
0.7582089552238805,0.7576686293613228,670,vit_small,1330,10,80,best,best_metrics.csv
0.7373134328358208,0.7359813761228765,670,vit_small,1330,11,80,best,best_metrics.csv
0.7253731343283583,0.7231247033853901,670,vit_small,1330,12,80,best,best_metrics.csv
0.7373134328358208,0.7369760205813989,670,vit_small,1330,13,80,best,best_metrics.csv
0.7428998505231689,0.7430991656194061,669,vit_small,1330,14,80,best,best_metrics.csv
0.7399103139013453,0.7424184379908423,669,vit_small,1330,15,80,best,best_metrics.csv
0.7593423019431988,0.758341078828688,669,vit_small,1330,16,80,best,best_metrics.csv
0.750373692077728,0.7509347443626042,669,vit_small,1330,17,80,best,best_metrics.csv
0.7787742899850523,0.7785866222166254,669,vit_small,1330,18,80,best,best_metrics.csv
0.7443946188340808,0.7441990463014847,669,vit_small,1330,19,80,best,best_metrics.csv
0.7805970149253731,0.7803881688104322,670,vit_small,1331,0,80,best,best_metrics.csv
0.7507462686567165,0.7508958175697469,670,vit_small,1331,1,80,best,best_metrics.csv
0.7492537313432835,0.746071807887014,670,vit_small,1331,2,80,best,best_metrics.csv
0.7373134328358208,0.7356015716796418,670,vit_small,1331,3,80,best,best_metrics.csv
0.691044776119403,0.6916806554676544,670,vit_small,1331,4,80,best,best_metrics.csv
0.7492537313432835,0.7472260505509408,670,vit_small,1331,5,80,best,best_metrics.csv
0.744776119402985,0.7420869178753111,670,vit_small,1331,6,80,best,best_metrics.csv
0.755223880597015,0.7546675125591067,670,vit_small,1331,7,80,best,best_metrics.csv
0.7761194029850746,0.7746640244374038,670,vit_small,1331,8,80,best,best_metrics.csv
0.735820895522388,0.736729447796563,670,vit_small,1331,9,80,best,best_metrics.csv
0.7208955223880597,0.7209748042414988,670,vit_small,1331,10,80,best,best_metrics.csv
0.7328358208955223,0.7319349932131993,670,vit_small,1331,11,80,best,best_metrics.csv
0.7298507462686568,0.7271851483868276,670,vit_small,1331,12,80,best,best_metrics.csv
0.7328358208955223,0.7356783936650954,670,vit_small,1331,13,80,best,best_metrics.csv
0.7443946188340808,0.7456467692227453,669,vit_small,1331,14,80,best,best_metrics.csv
0.7548579970104634,0.7538789022873271,669,vit_small,1331,15,80,best,best_metrics.csv
0.7443946188340808,0.743360671884956,669,vit_small,1331,16,80,best,best_metrics.csv
0.7593423019431988,0.7570618770992854,669,vit_small,1331,17,80,best,best_metrics.csv
0.7653213751868461,0.765494977839391,669,vit_small,1331,18,80,best,best_metrics.csv
0.7518684603886397,0.7502202579367592,669,vit_small,1331,19,80,best,best_metrics.csv
0.7686567164179104,0.766435670600946,670,vit_small,1332,0,80,best,best_metrics.csv
0.735820895522388,0.7350393804155785,670,vit_small,1332,1,80,best,best_metrics.csv
0.7343283582089553,0.7307277081182391,670,vit_small,1332,2,80,best,best_metrics.csv
0.7328358208955223,0.733165152194709,670,vit_small,1332,3,80,best,best_metrics.csv
0.6940298507462687,0.6928700164963195,670,vit_small,1332,4,80,best,best_metrics.csv
0.7298507462686568,0.7280754669479265,670,vit_small,1332,5,80,best,best_metrics.csv
0.7492537313432835,0.7459685599422817,670,vit_small,1332,6,80,best,best_metrics.csv
0.7522388059701492,0.751718851810032,670,vit_small,1332,7,80,best,best_metrics.csv
0.7671641791044777,0.7663166181251362,670,vit_small,1332,8,80,best,best_metrics.csv
0.7238805970149254,0.7257827020881176,670,vit_small,1332,9,80,best,best_metrics.csv
0.7313432835820896,0.7306340135153477,670,vit_small,1332,10,80,best,best_metrics.csv
0.7522388059701492,0.7507267566761954,670,vit_small,1332,11,80,best,best_metrics.csv
0.7343283582089553,0.7318772782520612,670,vit_small,1332,12,80,best,best_metrics.csv
0.735820895522388,0.7359386099397963,670,vit_small,1332,13,80,best,best_metrics.csv
0.7294469357249627,0.7272764939189624,669,vit_small,1332,14,80,best,best_metrics.csv
0.7414050822122571,0.7440863537233201,669,vit_small,1332,15,80,best,best_metrics.csv
0.7443946188340808,0.7431925367826586,669,vit_small,1332,16,80,best,best_metrics.csv
0.750373692077728,0.7492208504570403,669,vit_small,1332,17,80,best,best_metrics.csv
0.7653213751868461,0.764985396648982,669,vit_small,1332,18,80,best,best_metrics.csv
0.7399103139013453,0.7406793591637306,669,vit_small,1332,19,80,best,best_metrics.csv
